[{"model": "auth.user", "fields": {"password": "pbkdf2_sha256$1200000$qRUk9rescdIQSp7PDpqjfT$JTv8Y5uvBUpKCxn4pUzbOCWJfiJA/lzVPA+rE9DLxiA=", "last_login": "2026-06-04T18:03:51.219Z", "is_superuser": true, "username": "Collins", "first_name": "", "last_name": "", "email": "ahmadmuftahu2005@gmail.com", "is_staff": true, "is_active": true, "date_joined": "2026-05-30T11:14:22.161Z", "groups": [], "user_permissions": []}}, {"model": "ark_catalog.category", "pk": 2, "fields": {"name": "Shoes", "slug": "shoes", "poster_image": ""}}, {"model": "ark_catalog.category", "pk": 3, "fields": {"name": "Fleet", "slug": "fleet", "poster_image": ""}}, {"model": "ark_catalog.category", "pk": 4, "fields": {"name": "Stylish  bag", "slug": "stylish-bag", "poster_image": ""}}, {"model": "ark_catalog.category", "pk": 5, "fields": {"name": "Fabrics", "slug": "fabrics", "poster_image": ""}}, {"model": "ark_catalog.product", "pk": 13, "fields": {"name": "Classified Asset 30D78D", "slug": "classified-asset-30d78d", "category": 2, "image": "media/products/.trashed-1781295819-1778702737436_optimized_lxduan", "description": "Asset awaiting executive detailing.", "sku": "ARK-AUTO-DB30D78D", "price": null, "price_unit": "per piece", "is_available": true, "created_at": "2026-06-01T14:53:57.539Z"}}, {"model": "ark_catalog.product", "pk": 14, "fields": {"name": "Classified Asset BE2118", "slug": "classified-asset-be2118", "category": 2, "image": "media/products/.trashed-1781295819-1778702737512_optimized_slzyzt", "description": "Asset awaiting executive detailing.", "sku": "ARK-AUTO-4CBE2118", "price": null, "price_unit": "per piece", "is_available": true, "created_at": "2026-06-01T14:53:58.589Z"}}, {"model": "ark_catalog.product", "pk": 15, "fields": {"name": "Classified Asset 8E3987", "slug": "classified-asset-8e3987", "category": 2, "image": "media/products/.trashed-1781295819-1778702737781_optimized_hos4b2", "description": "Asset awaiting executive detailing.", "sku": "ARK-AUTO-C48E3987", "price": null, "price_unit": "per piece", "is_available": true, "created_at": "2026-06-01T14:53:59.437Z"}}, {"model": "ark_catalog.product", "pk": 16, "fields": {"name": "Classified Asset C8331D", "slug": "classified-asset-c8331d", "category": 2, "image": "media/products/.trashed-1781295821-1778702736633_optimized_rxtbab", "description": "Asset awaiting executive detailing.", "sku": "ARK-AUTO-76C8331D", "price": null, "price_unit": "per piece", "is_available": true, "created_at": "2026-06-01T14:54:00.747Z"}}, {"model": "ark_catalog.product", "pk": 17, "fields": {"name": "Classified Asset 74C1AF", "slug": "classified-asset-74c1af", "category": 2, "image": "media/products/1778768389670_optimized_vkkqbe", "description": "Asset awaiting executive detailing.", "sku": "ARK-AUTO-A474C1AF", "price": null, "price_unit": "per piece", "is_available": true, "created_at": "2026-06-01T14:54:05.548Z"}}, {"model": "ark_catalog.product", "pk": 18, "fields": {"name": "Classified Asset 086AA4", "slug": "classified-asset-086aa4", "category": 2, "image": "media/products/1778768389732_optimized_zli6rn", "description": "Asset awaiting executive detailing.", "sku": "ARK-AUTO-A2086AA4", "price": null, "price_unit": "per piece", "is_available": true, "created_at": "2026-06-01T14:54:06.704Z"}}, {"model": "ark_catalog.product", "pk": 19, "fields": {"name": "Classified Asset B58CA8", "slug": "classified-asset-b58ca8", "category": 2, "image": "media/products/1778768389757_optimized_fqrlu1", "description": "Asset awaiting executive detailing.", "sku": "ARK-AUTO-04B58CA8", "price": null, "price_unit": "per piece", "is_available": true, "created_at": "2026-06-01T14:54:07.423Z"}}, {"model": "ark_catalog.product", "pk": 20, "fields": {"name": "Classified Asset DE4155", "slug": "classified-asset-de4155", "category": 2, "image": "media/products/1778768389943_optimized_czaazs", "description": "Asset awaiting executive detailing.", "sku": "ARK-AUTO-E9DE4155", "price": null, "price_unit": "per piece", "is_available": true, "created_at": "2026-06-01T14:54:08.291Z"}}, {"model": "ark_catalog.product", "pk": 21, "fields": {"name": "Classified Asset ", "slug": "classified-asset-9d24f9", "category": 2, "image": "media/products/1778768390412_optimized_a3qjvi", "description": "Asset awaiting executive detailing.", "sku": "ARK-AUTO-6D9D24F9", "price": null, "price_unit": "per piece", "is_available": true, "created_at": "2026-06-01T14:54:09.157Z"}}, {"model": "ark_catalog.product", "pk": 22, "fields": {"name": "Classified Asset F2194A", "slug": "classified-asset-f2194a", "category": 2, "image": "media/products/1778768390444_optimized_wls3uv", "description": "Asset awaiting executive detailing.", "sku": "ARK-AUTO-C3F2194A", "price": null, "price_unit": "per piece", "is_available": true, "created_at": "2026-06-01T14:54:09.899Z"}}, {"model": "ark_catalog.product", "pk": 23, "fields": {"name": "Classified Asset AC2388", "slug": "classified-asset-ac2388", "category": 2, "image": "media/products/1778768390473_optimized_ozhp11", "description": "Standard and premium  female shoes", "sku": "ARK-AUTO-FBAC2388", "price": "14000.00", "price_unit": "per piece", "is_available": true, "created_at": "2026-06-01T14:54:10.816Z"}}, {"model": "ark_catalog.product", "pk": 24, "fields": {"name": "Classified Asset 01E849", "slug": "classified-asset-01e849", "category": 3, "image": "media/products/.trashed-1781295195-1778702736212_optimized_gxow8e", "description": "Asset awaiting executive detailing.", "sku": "ARK-AUTO-6701E849", "price": null, "price_unit": "per piece", "is_available": true, "created_at": "2026-06-01T16:17:02.480Z"}}, {"model": "ark_catalog.product", "pk": 25, "fields": {"name": "Classified Asset 16CFCF", "slug": "classified-asset-16cfcf", "category": 3, "image": "media/products/.trashed-1781295195-1778702736290_optimized_bnbz6b", "description": "Asset awaiting executive detailing.", "sku": "ARK-AUTO-9716CFCF", "price": null, "price_unit": "per piece", "is_available": true, "created_at": "2026-06-01T16:17:03.765Z"}}, {"model": "ark_catalog.product", "pk": 26, "fields": {"name": "Classified Asset FC5431", "slug": "classified-asset-fc5431", "category": 3, "image": "media/products/.trashed-1781295818-1778702738470_optimized_jfkesp", "description": "Asset awaiting executive detailing.", "sku": "ARK-AUTO-9DFC5431", "price": null, "price_unit": "per piece", "is_available": true, "created_at": "2026-06-01T16:17:04.609Z"}}, {"model": "ark_catalog.product", "pk": 27, "fields": {"name": "Classified Asset 1A7C60", "slug": "classified-asset-1a7c60", "category": 3, "image": "media/products/.trashed-1781295818-1778702738506_optimized_n3ngcd", "description": "Asset awaiting executive detailing.", "sku": "ARK-AUTO-181A7C60", "price": null, "price_unit": "per piece", "is_available": true, "created_at": "2026-06-01T16:17:05.976Z"}}, {"model": "ark_catalog.product", "pk": 28, "fields": {"name": "Classified Asset 16783C", "slug": "classified-asset-16783c", "category": 3, "image": "media/products/.trashed-1781295818-1778702738540_optimized_qyex0i", "description": "Asset awaiting executive detailing.", "sku": "ARK-AUTO-A316783C", "price": null, "price_unit": "per piece", "is_available": true, "created_at": "2026-06-01T16:17:07.052Z"}}, {"model": "ark_catalog.product", "pk": 29, "fields": {"name": "Classified Asset 325720", "slug": "classified-asset-325720", "category": 3, "image": "media/products/.trashed-1781295818-1778702738571_optimized_nzlscf", "description": "Asset awaiting executive detailing.", "sku": "ARK-AUTO-FF325720", "price": null, "price_unit": "per piece", "is_available": true, "created_at": "2026-06-01T16:17:08.003Z"}}, {"model": "ark_catalog.product", "pk": 30, "fields": {"name": "Classified Asset 3585F7", "slug": "classified-asset-3585f7", "category": 3, "image": "media/products/.trashed-1781295818-1778702738606_optimized_lefeoz", "description": "Asset awaiting executive detailing.", "sku": "ARK-AUTO-A63585F7", "price": null, "price_unit": "per piece", "is_available": true, "created_at": "2026-06-01T16:17:09.275Z"}}, {"model": "ark_catalog.product", "pk": 31, "fields": {"name": "Classified Asset 0F4469", "slug": "classified-asset-0f4469", "category": 3, "image": "media/products/.trashed-1781295818-1778702738639_optimized_ab4ihl", "description": "Asset awaiting executive detailing.", "sku": "ARK-AUTO-2A0F4469", "price": null, "price_unit": "per piece", "is_available": true, "created_at": "2026-06-01T16:17:10.304Z"}}, {"model": "ark_catalog.product", "pk": 32, "fields": {"name": "Classified Asset 2A1A4A", "slug": "classified-asset-2a1a4a", "category": 3, "image": "media/products/.trashed-1781295819-1778702737704_optimized_qfks2i", "description": "Asset awaiting executive detailing.", "sku": "ARK-AUTO-302A1A4A", "price": null, "price_unit": "per piece", "is_available": true, "created_at": "2026-06-01T16:17:11.158Z"}}, {"model": "ark_catalog.product", "pk": 33, "fields": {"name": "Classified Asset A7593B", "slug": "classified-asset-a7593b", "category": 3, "image": "media/products/.trashed-1781295819-1778702737738_optimized_qnoyht", "description": "Asset awaiting executive detailing.", "sku": "ARK-AUTO-93A7593B", "price": null, "price_unit": "per piece", "is_available": true, "created_at": "2026-06-01T16:17:12.360Z"}}, {"model": "ark_catalog.product", "pk": 34, "fields": {"name": "Classified Asset 6D1505", "slug": "classified-asset-6d1505", "category": 3, "image": "media/products/.trashed-1781295820-1778702736716_optimized_uqiqfe", "description": "Asset awaiting executive detailing.", "sku": "ARK-AUTO-1E6D1505", "price": null, "price_unit": "per piece", "is_available": true, "created_at": "2026-06-01T16:17:13.150Z"}}, {"model": "ark_catalog.product", "pk": 35, "fields": {"name": "Classified Asset 61574E", "slug": "classified-asset-61574e", "category": 3, "image": "media/products/.trashed-1781295820-1778702736776_optimized_cbzm2y", "description": "Asset awaiting executive detailing.", "sku": "ARK-AUTO-1961574E", "price": null, "price_unit": "per piece", "is_available": true, "created_at": "2026-06-01T16:17:14.147Z"}}, {"model": "ark_catalog.product", "pk": 36, "fields": {"name": "Classified Asset 425787", "slug": "classified-asset-425787", "category": 3, "image": "media/products/.trashed-1781295820-1778702736846_optimized_plw4sr", "description": "Asset awaiting executive detailing.", "sku": "ARK-AUTO-B4425787", "price": null, "price_unit": "per piece", "is_available": true, "created_at": "2026-06-01T16:17:15.003Z"}}, {"model": "ark_catalog.product", "pk": 37, "fields": {"name": "Classified Asset 5F9A86", "slug": "classified-asset-5f9a86", "category": 3, "image": "media/products/.trashed-1781295820-1778702736927_optimized_uu8187", "description": "Asset awaiting executive detailing.", "sku": "ARK-AUTO-205F9A86", "price": null, "price_unit": "per piece", "is_available": true, "created_at": "2026-06-01T16:17:16.252Z"}}, {"model": "ark_catalog.product", "pk": 38, "fields": {"name": "Classified Asset A44E6B", "slug": "classified-asset-a44e6b", "category": 3, "image": "media/products/.trashed-1781295821-1778702738125_optimized_ggfzp7", "description": "Asset awaiting executive detailing.", "sku": "ARK-AUTO-39A44E6B", "price": null, "price_unit": "per piece", "is_available": true, "created_at": "2026-06-01T16:17:17.333Z"}}, {"model": "ark_catalog.product", "pk": 39, "fields": {"name": "Classified Asset CBA16D", "slug": "classified-asset-cba16d", "category": 3, "image": "media/products/.trashed-1781295821-1778702738155_optimized_ix2xdw", "description": "Asset awaiting executive detailing.", "sku": "ARK-AUTO-04CBA16D", "price": null, "price_unit": "per piece", "is_available": true, "created_at": "2026-06-01T16:17:18.242Z"}}, {"model": "ark_catalog.product", "pk": 40, "fields": {"name": "Classified Asset DA98B7", "slug": "classified-asset-da98b7", "category": 3, "image": "media/products/.trashed-1781295821-1778702738249_optimized_hikcnd", "description": "Asset awaiting executive detailing.", "sku": "ARK-AUTO-59DA98B7", "price": null, "price_unit": "per piece", "is_available": true, "created_at": "2026-06-01T16:17:19.267Z"}}, {"model": "ark_catalog.product", "pk": 41, "fields": {"name": "Classified Asset EBD26D", "slug": "classified-asset-ebd26d", "category": 3, "image": "media/products/.trashed-1781295821-1778702738279_optimized_s5hj3s", "description": "Asset awaiting executive detailing.", "sku": "ARK-AUTO-44EBD26D", "price": null, "price_unit": "per piece", "is_available": true, "created_at": "2026-06-01T16:17:20.259Z"}}, {"model": "ark_catalog.product", "pk": 42, "fields": {"name": "Classified Asset 30E7C4", "slug": "classified-asset-30e7c4", "category": 3, "image": "media/products/1778768389781_optimized_i6zrsk", "description": "Asset awaiting executive detailing.", "sku": "ARK-AUTO-3430E7C4", "price": null, "price_unit": "per piece", "is_available": true, "created_at": "2026-06-01T16:17:21.061Z"}}, {"model": "ark_catalog.product", "pk": 43, "fields": {"name": "Classified Asset C7F6BF", "slug": "classified-asset-c7f6bf", "category": 3, "image": "media/products/1778768389806_optimized_nwxlyl", "description": "Asset awaiting executive detailing.", "sku": "ARK-AUTO-35C7F6BF", "price": null, "price_unit": "per piece", "is_available": true, "created_at": "2026-06-01T16:17:22.046Z"}}, {"model": "ark_catalog.product", "pk": 44, "fields": {"name": "Classified Asset 18C157", "slug": "classified-asset-18c157", "category": 3, "image": "media/products/1778768389838_optimized_yv7wg7", "description": "Asset awaiting executive detailing.", "sku": "ARK-AUTO-5218C157", "price": null, "price_unit": "per piece", "is_available": true, "created_at": "2026-06-01T16:17:23.241Z"}}, {"model": "ark_catalog.product", "pk": 45, "fields": {"name": "Classified Asset 014F52", "slug": "classified-asset-014f52", "category": 3, "image": "media/products/1778768389872_optimized_bvgskv", "description": "Asset awaiting executive detailing.", "sku": "ARK-AUTO-50014F52", "price": null, "price_unit": "per piece", "is_available": true, "created_at": "2026-06-01T16:17:24.262Z"}}, {"model": "ark_catalog.product", "pk": 46, "fields": {"name": "Classified Asset 6230C3", "slug": "classified-asset-6230c3", "category": 3, "image": "media/products/1778768389903_optimized_cvxdml", "description": "Asset awaiting executive detailing.", "sku": "ARK-AUTO-E06230C3", "price": null, "price_unit": "per piece", "is_available": true, "created_at": "2026-06-01T16:17:25.237Z"}}, {"model": "ark_catalog.product", "pk": 47, "fields": {"name": "Classified Asset 8D0782", "slug": "classified-asset-8d0782", "category": 3, "image": "media/products/1778768390007_optimized_fq4gdq", "description": "Asset awaiting executive detailing.", "sku": "ARK-AUTO-458D0782", "price": null, "price_unit": "per piece", "is_available": true, "created_at": "2026-06-01T16:17:26.627Z"}}, {"model": "ark_catalog.product", "pk": 48, "fields": {"name": "Classified Asset AC5E61", "slug": "classified-asset-ac5e61", "category": 4, "image": "media/products/.trashed-1781295819-1778702737553_optimized_fnc5wd", "description": "Asset awaiting executive detailing.", "sku": "ARK-AUTO-36AC5E61", "price": null, "price_unit": "per piece", "is_available": true, "created_at": "2026-06-01T16:21:23.084Z"}}, {"model": "ark_catalog.product", "pk": 49, "fields": {"name": "Classified Asset 85992B", "slug": "classified-asset-85992b", "category": 4, "image": "media/products/.trashed-1781295819-1778702737591_optimized_oq9jsg", "description": "Asset awaiting executive detailing.", "sku": "ARK-AUTO-7785992B", "price": null, "price_unit": "per piece", "is_available": true, "created_at": "2026-06-01T16:21:23.865Z"}}, {"model": "ark_catalog.product", "pk": 50, "fields": {"name": "Classified Asset 22824B", "slug": "classified-asset-22824b", "category": 4, "image": "media/products/.trashed-1781295819-1778702737628_optimized_yttavd", "description": "Asset awaiting executive detailing.", "sku": "ARK-AUTO-9622824B", "price": null, "price_unit": "per piece", "is_available": true, "created_at": "2026-06-01T16:21:24.664Z"}}, {"model": "ark_catalog.product", "pk": 51, "fields": {"name": "Classified Asset 526794", "slug": "classified-asset-526794", "category": 4, "image": "media/products/.trashed-1781295819-1778702737665_optimized_gcqq8s", "description": "Asset awaiting executive detailing.", "sku": "ARK-AUTO-5E526794", "price": null, "price_unit": "per piece", "is_available": true, "created_at": "2026-06-01T16:21:25.611Z"}}, {"model": "ark_catalog.product", "pk": 52, "fields": {"name": "Classified Asset 726296", "slug": "classified-asset-726296", "category": 4, "image": "media/products/.trashed-1781295820-1778702736963_optimized_out78y", "description": "Asset awaiting executive detailing.", "sku": "ARK-AUTO-06726296", "price": null, "price_unit": "per piece", "is_available": true, "created_at": "2026-06-01T16:21:26.410Z"}}, {"model": "ark_catalog.product", "pk": 53, "fields": {"name": "Classified Asset 14DE0B", "slug": "classified-asset-14de0b", "category": 4, "image": "media/products/.trashed-1781295820-1778702737003_optimized_wupb6a", "description": "Asset awaiting executive detailing.", "sku": "ARK-AUTO-0A14DE0B", "price": null, "price_unit": "per piece", "is_available": true, "created_at": "2026-06-01T16:21:27.297Z"}}, {"model": "ark_catalog.product", "pk": 54, "fields": {"name": "Classified Asset 1F3146", "slug": "classified-asset-1f3146", "category": 4, "image": "media/products/.trashed-1781295820-1778702737044_optimized_j5xqeh", "description": "Asset awaiting executive detailing.", "sku": "ARK-AUTO-D01F3146", "price": null, "price_unit": "per piece", "is_available": true, "created_at": "2026-06-01T16:21:28.112Z"}}, {"model": "ark_catalog.product", "pk": 55, "fields": {"name": "Classified Asset F8F39F", "slug": "classified-asset-f8f39f", "category": 4, "image": "media/products/.trashed-1781295820-1778702737084_optimized_dbif2f", "description": "Asset awaiting executive detailing.", "sku": "ARK-AUTO-57F8F39F", "price": null, "price_unit": "per piece", "is_available": true, "created_at": "2026-06-01T16:21:28.761Z"}}, {"model": "ark_catalog.product", "pk": 56, "fields": {"name": "Classified Asset 7BA602", "slug": "classified-asset-7ba602", "category": 4, "image": "media/products/.trashed-1781295820-1778702737120_optimized_py6kg6", "description": "Asset awaiting executive detailing.", "sku": "ARK-AUTO-387BA602", "price": null, "price_unit": "per piece", "is_available": true, "created_at": "2026-06-01T16:21:29.438Z"}}, {"model": "ark_catalog.product", "pk": 57, "fields": {"name": "Classified Asset 6C64A2", "slug": "classified-asset-6c64a2", "category": 4, "image": "media/products/.trashed-1781295820-1778702737157_optimized_gvohsx", "description": "Asset awaiting executive detailing.", "sku": "ARK-AUTO-306C64A2", "price": null, "price_unit": "per piece", "is_available": true, "created_at": "2026-06-01T16:21:30.316Z"}}, {"model": "ark_catalog.product", "pk": 58, "fields": {"name": "Classified Asset 5E9D17", "slug": "classified-asset-5e9d17", "category": 4, "image": "media/products/1778768390043_optimized_kucnzx", "description": "Asset awaiting executive detailing.", "sku": "ARK-AUTO-075E9D17", "price": null, "price_unit": "per piece", "is_available": true, "created_at": "2026-06-01T16:21:31.148Z"}}, {"model": "ark_catalog.product", "pk": 59, "fields": {"name": "Classified Asset 979B6B", "slug": "classified-asset-979b6b", "category": 4, "image": "media/products/1778768390071_optimized_ghnkcw", "description": "Asset awaiting executive detailing.", "sku": "ARK-AUTO-DC979B6B", "price": null, "price_unit": "per piece", "is_available": true, "created_at": "2026-06-01T16:21:32.101Z"}}, {"model": "ark_catalog.product", "pk": 60, "fields": {"name": "Classified Asset 701060", "slug": "classified-asset-701060", "category": 4, "image": "media/products/1778768390105_optimized_ivgwq7", "description": "Asset awaiting executive detailing.", "sku": "ARK-AUTO-B3701060", "price": null, "price_unit": "per piece", "is_available": true, "created_at": "2026-06-01T16:21:32.876Z"}}, {"model": "ark_catalog.product", "pk": 61, "fields": {"name": "Classified Asset 17D8A0", "slug": "classified-asset-17d8a0", "category": 4, "image": "media/products/1778768390136_optimized_pi48vh", "description": "Asset awaiting executive detailing.", "sku": "ARK-AUTO-4617D8A0", "price": null, "price_unit": "per piece", "is_available": true, "created_at": "2026-06-01T16:21:33.699Z"}}, {"model": "ark_catalog.product", "pk": 62, "fields": {"name": "Classified Asset 5CCD8E", "slug": "classified-asset-5ccd8e", "category": 4, "image": "media/products/1778768390167_optimized_fqk8qx", "description": "Asset awaiting executive detailing.", "sku": "ARK-AUTO-2E5CCD8E", "price": null, "price_unit": "per piece", "is_available": true, "created_at": "2026-06-01T16:21:34.911Z"}}, {"model": "ark_catalog.product", "pk": 63, "fields": {"name": "Classified Asset 4D89CB", "slug": "classified-asset-4d89cb", "category": 4, "image": "media/products/1778768390198_optimized_jbg99j", "description": "Asset awaiting executive detailing.", "sku": "ARK-AUTO-334D89CB", "price": null, "price_unit": "per piece", "is_available": true, "created_at": "2026-06-01T16:21:35.876Z"}}, {"model": "ark_catalog.product", "pk": 88, "fields": {"name": "Classified Asset 96E0F9", "slug": "classified-asset-96e0f9", "category": 5, "image": "media/products/.trashed-1781295195-1778702736437_optimized_ghhe8t", "description": "Asset awaiting executive detailing.", "sku": "ARK-AUTO-2A96E0F9", "price": null, "price_unit": "per piece", "is_available": true, "created_at": "2026-06-01T16:30:00.685Z"}}, {"model": "ark_catalog.product", "pk": 89, "fields": {"name": "Classified Asset 7FE0F5", "slug": "classified-asset-7fe0f5", "category": 5, "image": "media/products/.trashed-1781295818-1778702738342_optimized_ozphw4", "description": "Asset awaiting executive detailing.", "sku": "ARK-AUTO-617FE0F5", "price": null, "price_unit": "per piece", "is_available": true, "created_at": "2026-06-01T16:30:01.370Z"}}, {"model": "ark_catalog.product", "pk": 90, "fields": {"name": "Classified Asset A7310E", "slug": "classified-asset-a7310e", "category": 5, "image": "media/products/.trashed-1781295818-1778702738372_optimized_acm0yl", "description": "Asset awaiting executive detailing.", "sku": "ARK-AUTO-0CA7310E", "price": null, "price_unit": "per piece", "is_available": true, "created_at": "2026-06-01T16:30:02.068Z"}}, {"model": "ark_catalog.product", "pk": 91, "fields": {"name": "Classified Asset BC47DF", "slug": "classified-asset-bc47df", "category": 5, "image": "media/products/.trashed-1781295818-1778702738437_optimized_dn8rio", "description": "Asset awaiting executive detailing.", "sku": "ARK-AUTO-38BC47DF", "price": null, "price_unit": "per piece", "is_available": true, "created_at": "2026-06-01T16:30:03.114Z"}}, {"model": "ark_catalog.product", "pk": 92, "fields": {"name": "Classified Asset 92E512", "slug": "classified-asset-92e512", "category": 5, "image": "media/products/.trashed-1781295819-1778702737358_optimized_ypwo1l", "description": "Asset awaiting executive detailing.", "sku": "ARK-AUTO-E292E512", "price": null, "price_unit": "per piece", "is_available": true, "created_at": "2026-06-01T16:30:04.367Z"}}, {"model": "ark_catalog.product", "pk": 93, "fields": {"name": "Classified Asset B41D13", "slug": "classified-asset-b41d13", "category": 5, "image": "media/products/.trashed-1781295819-1778702737401_optimized_rojkym", "description": "Asset awaiting executive detailing.", "sku": "ARK-AUTO-F1B41D13", "price": null, "price_unit": "per piece", "is_available": true, "created_at": "2026-06-01T16:30:05.587Z"}}, {"model": "ark_catalog.product", "pk": 94, "fields": {"name": "Classified Asset 50C9DD", "slug": "classified-asset-50c9dd", "category": 5, "image": "media/products/.trashed-1781295819-1778702737813_optimized_mrwrpq", "description": "Asset awaiting executive detailing.", "sku": "ARK-AUTO-7450C9DD", "price": null, "price_unit": "per piece", "is_available": true, "created_at": "2026-06-01T16:30:06.768Z"}}, {"model": "ark_catalog.product", "pk": 95, "fields": {"name": "Classified Asset 0626C2", "slug": "classified-asset-0626c2", "category": 5, "image": "media/products/.trashed-1781295819-1778702737845_optimized_htncys", "description": "Asset awaiting executive detailing.", "sku": "ARK-AUTO-600626C2", "price": null, "price_unit": "per piece", "is_available": true, "created_at": "2026-06-01T16:30:07.725Z"}}, {"model": "ark_catalog.product", "pk": 96, "fields": {"name": "Classified Asset 53DFF6", "slug": "classified-asset-53dff6", "category": 5, "image": "media/products/.trashed-1781295819-1778702737879_optimized_mkgztk", "description": "Asset awaiting executive detailing.", "sku": "ARK-AUTO-AB53DFF6", "price": null, "price_unit": "per piece", "is_available": true, "created_at": "2026-06-01T16:30:08.863Z"}}, {"model": "ark_catalog.product", "pk": 97, "fields": {"name": "Classified Asset 6DCDB9", "slug": "classified-asset-6dcdb9", "category": 5, "image": "media/products/.trashed-1781295819-1778702737912_optimized_b0poau", "description": "Asset awaiting executive detailing.", "sku": "ARK-AUTO-2C6DCDB9", "price": null, "price_unit": "per piece", "is_available": true, "created_at": "2026-06-01T16:30:09.883Z"}}, {"model": "ark_catalog.product", "pk": 98, "fields": {"name": "Classified Asset 624181", "slug": "classified-asset-624181", "category": 5, "image": "media/products/.trashed-1781295819-1778702738407_optimized_tfhxa6", "description": "Asset awaiting executive detailing.", "sku": "ARK-AUTO-52624181", "price": null, "price_unit": "per piece", "is_available": true, "created_at": "2026-06-01T16:30:10.789Z"}}, {"model": "ark_catalog.product", "pk": 99, "fields": {"name": "Classified Asset 3DDB0A", "slug": "classified-asset-3ddb0a", "category": 5, "image": "media/products/.trashed-1781295195-1778702736437_optimized_a2egnz", "description": "Asset awaiting executive detailing.", "sku": "ARK-AUTO-B53DDB0A", "price": null, "price_unit": "per piece", "is_available": true, "created_at": "2026-06-01T16:30:29.548Z"}}, {"model": "ark_catalog.product", "pk": 100, "fields": {"name": "Classified Asset B8335B", "slug": "classified-asset-b8335b", "category": 5, "image": "media/products/.trashed-1781295818-1778702738342_optimized_vwiy22", "description": "Asset awaiting executive detailing.", "sku": "ARK-AUTO-B1B8335B", "price": null, "price_unit": "per piece", "is_available": true, "created_at": "2026-06-01T16:30:30.461Z"}}, {"model": "ark_catalog.product", "pk": 101, "fields": {"name": "Classified Asset 5C9321", "slug": "classified-asset-5c9321", "category": 5, "image": "media/products/.trashed-1781295818-1778702738372_optimized_zvjjjt", "description": "Asset awaiting executive detailing.", "sku": "ARK-AUTO-4F5C9321", "price": null, "price_unit": "per piece", "is_available": true, "created_at": "2026-06-01T16:30:31.411Z"}}, {"model": "ark_catalog.product", "pk": 102, "fields": {"name": "Classified Asset 70FA1E", "slug": "classified-asset-70fa1e", "category": 5, "image": "media/products/.trashed-1781295818-1778702738437_optimized_foc1l4", "description": "Asset awaiting executive detailing.", "sku": "ARK-AUTO-7B70FA1E", "price": null, "price_unit": "per piece", "is_available": true, "created_at": "2026-06-01T16:30:32.280Z"}}, {"model": "ark_catalog.product", "pk": 103, "fields": {"name": "Classified Asset 25242B", "slug": "classified-asset-25242b", "category": 5, "image": "media/products/.trashed-1781295819-1778702737358_optimized_shjp1f", "description": "Asset awaiting executive detailing.", "sku": "ARK-AUTO-7D25242B", "price": null, "price_unit": "per piece", "is_available": true, "created_at": "2026-06-01T16:30:33.468Z"}}, {"model": "ark_catalog.product", "pk": 104, "fields": {"name": "Classified Asset D5262C", "slug": "classified-asset-d5262c", "category": 5, "image": "media/products/.trashed-1781295819-1778702737401_optimized_fre8ep", "description": "Asset awaiting executive detailing.", "sku": "ARK-AUTO-C2D5262C", "price": null, "price_unit": "per piece", "is_available": true, "created_at": "2026-06-01T16:30:34.841Z"}}, {"model": "ark_catalog.product", "pk": 105, "fields": {"name": "Classified Asset 736435", "slug": "classified-asset-736435", "category": 5, "image": "media/products/.trashed-1781295819-1778702737813_optimized_xmvwmz", "description": "Asset awaiting executive detailing.", "sku": "ARK-AUTO-EA736435", "price": null, "price_unit": "per piece", "is_available": true, "created_at": "2026-06-01T16:30:35.885Z"}}, {"model": "ark_catalog.product", "pk": 106, "fields": {"name": "Classified Asset 07A9D3", "slug": "classified-asset-07a9d3", "category": 5, "image": "media/products/.trashed-1781295819-1778702737845_optimized_pffrx0", "description": "Asset awaiting executive detailing.", "sku": "ARK-AUTO-E707A9D3", "price": null, "price_unit": "per piece", "is_available": true, "created_at": "2026-06-01T16:30:36.932Z"}}, {"model": "ark_catalog.product", "pk": 107, "fields": {"name": "Classified Asset 4F8BCA", "slug": "classified-asset-4f8bca", "category": 5, "image": "media/products/.trashed-1781295819-1778702737879_optimized_qb4y2o", "description": "Asset awaiting executive detailing.", "sku": "ARK-AUTO-4C4F8BCA", "price": null, "price_unit": "per piece", "is_available": true, "created_at": "2026-06-01T16:30:37.760Z"}}, {"model": "ark_catalog.product", "pk": 108, "fields": {"name": "Classified Asset 0568A8", "slug": "classified-asset-0568a8", "category": 5, "image": "media/products/.trashed-1781295819-1778702737912_optimized_fjjump", "description": "Asset awaiting executive detailing.", "sku": "ARK-AUTO-450568A8", "price": null, "price_unit": "per piece", "is_available": true, "created_at": "2026-06-01T16:30:39.087Z"}}, {"model": "ark_catalog.product", "pk": 109, "fields": {"name": "Classified Asset 1E5246", "slug": "classified-asset-1e5246", "category": 5, "image": "media/products/.trashed-1781295819-1778702738407_optimized_ixgg8i", "description": "Asset awaiting executive detailing.", "sku": "ARK-AUTO-181E5246", "price": null, "price_unit": "per piece", "is_available": true, "created_at": "2026-06-01T16:30:40.149Z"}}, {"model": "ark_catalog.product", "pk": 110, "fields": {"name": "Classified Asset 0BE8D1", "slug": "classified-asset-0be8d1", "category": 5, "image": "media/products/.trashed-1781295820-1778702736681_optimized_shmeac", "description": "Asset awaiting executive detailing.", "sku": "ARK-AUTO-F90BE8D1", "price": null, "price_unit": "per piece", "is_available": true, "created_at": "2026-06-01T16:30:41.130Z"}}, {"model": "ark_catalog.product", "pk": 111, "fields": {"name": "Classified Asset 566A1D", "slug": "classified-asset-566a1d", "category": 5, "image": "media/products/.trashed-1781295820-1778702738673_optimized_wcsrnv", "description": "Asset awaiting executive detailing.", "sku": "ARK-AUTO-71566A1D", "price": null, "price_unit": "per piece", "is_available": true, "created_at": "2026-06-01T16:30:42.487Z"}}, {"model": "ark_catalog.product", "pk": 112, "fields": {"name": "Classified Asset 80186E", "slug": "classified-asset-80186e", "category": 5, "image": "media/products/.trashed-1781295820-1778702738706_optimized_mpcvan", "description": "Asset awaiting executive detailing.", "sku": "ARK-AUTO-9F80186E", "price": null, "price_unit": "per piece", "is_available": true, "created_at": "2026-06-01T16:30:43.588Z"}}, {"model": "ark_catalog.product", "pk": 113, "fields": {"name": "Classified Asset 735177", "slug": "classified-asset-735177", "category": 5, "image": "media/products/.trashed-1781295820-1778702738740_optimized_zszkrt", "description": "Asset awaiting executive detailing.", "sku": "ARK-AUTO-8E735177", "price": null, "price_unit": "per piece", "is_available": true, "created_at": "2026-06-01T16:30:44.443Z"}}, {"model": "ark_catalog.product", "pk": 114, "fields": {"name": "Classified Asset E5A35F", "slug": "classified-asset-e5a35f", "category": 5, "image": "media/products/.trashed-1781295821-1778702736476_optimized_y3m6dg", "description": "Asset awaiting executive detailing.", "sku": "ARK-AUTO-FBE5A35F", "price": null, "price_unit": "per piece", "is_available": true, "created_at": "2026-06-01T16:30:45.601Z"}}, {"model": "ark_catalog.product", "pk": 115, "fields": {"name": "Classified Asset 032B7E", "slug": "classified-asset-032b7e", "category": 5, "image": "media/products/.trashed-1781295821-1778702736514_optimized_tf2tm6", "description": "Asset awaiting executive detailing.", "sku": "ARK-AUTO-EC032B7E", "price": null, "price_unit": "per piece", "is_available": true, "created_at": "2026-06-01T16:30:46.773Z"}}, {"model": "ark_catalog.product", "pk": 118, "fields": {"name": "Classified Asset 1C29CD", "slug": "classified-asset-1c29cd", "category": 5, "image": "media/products/1778768389512_optimized_uxsgkz", "description": "Asset awaiting executive detailing.", "sku": "ARK-AUTO-D91C29CD", "price": null, "price_unit": "per piece", "is_available": true, "created_at": "2026-06-01T16:33:35.704Z"}}, {"model": "ark_catalog.product", "pk": 119, "fields": {"name": "Classified Asset 87E2F2", "slug": "classified-asset-87e2f2", "category": 5, "image": "media/products/1778768389546_optimized_peu6xs", "description": "Asset awaiting executive detailing.", "sku": "ARK-AUTO-4E87E2F2", "price": null, "price_unit": "per piece", "is_available": true, "created_at": "2026-06-01T16:33:36.569Z"}}, {"model": "ark_catalog.product", "pk": 120, "fields": {"name": "Classified Asset CC1A34", "slug": "classified-asset-cc1a34", "category": 5, "image": "media/products/1778768389579_optimized_gji0vo", "description": "Asset awaiting executive detailing.", "sku": "ARK-AUTO-C0CC1A34", "price": null, "price_unit": "per piece", "is_available": true, "created_at": "2026-06-01T16:33:37.433Z"}}, {"model": "ark_catalog.product", "pk": 121, "fields": {"name": "Classified Asset 26BF0B", "slug": "classified-asset-26bf0b", "category": 5, "image": "media/products/1778768389611_optimized_zky1o4", "description": "Asset awaiting executive detailing.", "sku": "ARK-AUTO-9C26BF0B", "price": null, "price_unit": "per piece", "is_available": true, "created_at": "2026-06-01T16:33:38.177Z"}}, {"model": "ark_catalog.product", "pk": 122, "fields": {"name": "Classified Asset 84B5E5", "slug": "classified-asset-84b5e5", "category": 5, "image": "media/products/1778768389644_optimized_axue0e", "description": "Asset awaiting executive detailing.", "sku": "ARK-AUTO-2284B5E5", "price": null, "price_unit": "per piece", "is_available": true, "created_at": "2026-06-01T16:33:38.995Z"}}, {"model": "ark_catalog.product", "pk": 123, "fields": {"name": "Classified Asset 287383", "slug": "classified-asset-287383", "category": 5, "image": "media/products/1778768390254_optimized_ttpr7w", "description": "Asset awaiting executive detailing.", "sku": "ARK-AUTO-41287383", "price": null, "price_unit": "per piece", "is_available": true, "created_at": "2026-06-01T16:33:40.206Z"}}, {"model": "ark_catalog.product", "pk": 124, "fields": {"name": "Classified Asset 92E9A6", "slug": "classified-asset-92e9a6", "category": 5, "image": "media/products/1778768390284_optimized_oqthew", "description": "Asset awaiting executive detailing.", "sku": "ARK-AUTO-E392E9A6", "price": null, "price_unit": "per piece", "is_available": true, "created_at": "2026-06-01T16:33:41.243Z"}}, {"model": "ark_catalog.product", "pk": 125, "fields": {"name": "Classified Asset EC9F26", "slug": "classified-asset-ec9f26", "category": 5, "image": "media/products/1778768390318_optimized_vi0zpg", "description": "Asset awaiting executive detailing.", "sku": "ARK-AUTO-4EEC9F26", "price": null, "price_unit": "per piece", "is_available": true, "created_at": "2026-06-01T16:33:42.354Z"}}, {"model": "ark_catalog.product", "pk": 126, "fields": {"name": "Classified Asset D2CFFD", "slug": "classified-asset-d2cffd", "category": 5, "image": "media/products/1778768390348_optimized_vsob3n", "description": "Asset awaiting executive detailing.", "sku": "ARK-AUTO-5ED2CFFD", "price": null, "price_unit": "per piece", "is_available": true, "created_at": "2026-06-01T16:33:43.498Z"}}, {"model": "ark_catalog.product", "pk": 127, "fields": {"name": "Classified Asset 25891A", "slug": "classified-asset-25891a", "category": 5, "image": "media/products/1778768390381_optimized_nhbj3x", "description": "Asset awaiting executive detailing.", "sku": "ARK-AUTO-9F25891A", "price": null, "price_unit": "per piece", "is_available": false, "created_at": "2026-06-01T16:33:44.726Z"}}, {"model": "ark_catalog.inquiry", "pk": 1, "fields": {"customer_name": "Muftahu Ahmad", "phone": "08107707349", "email": "michaeljackson7126@gmail.com", "message": "", "created_at": "2026-06-01T17:08:35.999Z", "items_requested": [88, 89, 90, 91, 95]}}, {"model": "ark_catalog.inquiry", "pk": 2, "fields": {"customer_name": "Calious", "phone": "08039736749", "email": "mustaphaaliyuzubairu@gmail.com", "message": "", "created_at": "2026-06-01T19:00:21.056Z", "items_requested": [90, 91, 93, 94]}}, {"model": "ark_catalog.inquiry", "pk": 3, "fields": {"customer_name": "Abubakar usaini abubakar ", "phone": "09018151497", "email": "Abubakarbichi143@gmail.com", "message": "", "created_at": "2026-06-01T20:12:51.694Z", "items_requested": [93, 95, 96, 97, 98]}}, {"model": "ark_catalog.inquiry", "pk": 4, "fields": {"customer_name": "Alkaline Umar Liman", "phone": "08160983789", "email": "alkalineumarliman@gmail.com", "message": "", "created_at": "2026-06-02T10:30:34.629Z", "items_requested": [28, 29]}}, {"model": "ark_catalog.inquiry", "pk": 5, "fields": {"customer_name": "Muftahu Ahmad", "phone": "+2348107707349", "email": "ahmadmuftahu2005@gmail.com", "message": "", "created_at": "2026-06-03T12:42:12.513Z", "items_requested": [88, 90]}}]
